"","Date","mean_sfr_value","median_sale_price","Fed_Interest_Rate","mortgage_rate_15_year","mortgage_rate_30_year","ny_median_hh_income","national_median_hh_income","non_seven_major_felonies","major_felonies","misdemeanor_offenses","unemployment_rate","housing_crisis","covid_pandemic"
"1",2000-09-01,230083.825885694,261892.036582125,6.52,7.67,7.96,5662.5,3499.16666666667,6738.41666666667,15387.6666666667,36283.75,4.5,0,0
"2",2000-10-01,232630.618031079,264517.44777833,6.51,7.67,7.96,5662.5,3499.16666666667,6738.41666666667,15387.6666666667,36283.75,4.4,0,0
"3",2000-11-01,235099.764893127,267563.687723438,6.51,7.67,7.96,5662.5,3499.16666666667,6738.41666666667,15387.6666666667,36283.75,4.3,0,0
"4",2000-12-01,237431.490417758,270478.612121064,6.4,7.35,7.65,5662.5,3499.16666666667,6738.41666666667,15387.6666666667,36283.75,4.3,0,0
"5",2001-01-01,239653.334652943,273271.226324409,5.98,7.35,7.65,5723.33333333333,3519.16666666667,6256.5,13575.6666666667,33658.5833333333,4.2,0,0
"6",2001-02-01,241931.634301189,275801.941328045,5.49,7.35,7.65,5723.33333333333,3519.16666666667,6256.5,13575.6666666667,33658.5833333333,4.2,0,0
"7",2001-03-01,244142.665752121,278591.338461335,5.31,7.35,7.65,5723.33333333333,3519.16666666667,6256.5,13575.6666666667,33658.5833333333,4.3,0,0
"8",2001-04-01,246378.358841629,281387.843310075,4.8,7.35,7.65,5723.33333333333,3519.16666666667,6256.5,13575.6666666667,33658.5833333333,4.3,0,0
"9",2001-05-01,248575.603275585,284010.728710944,4.21,7.35,7.65,5723.33333333333,3519.16666666667,6256.5,13575.6666666667,33658.5833333333,4.4,0,0
"10",2001-06-01,250941.946636812,286613.722990543,3.97,6.78,7.24,5723.33333333333,3519.16666666667,6256.5,13575.6666666667,33658.5833333333,4.6,0,0
"11",2001-07-01,253353.535826653,289142.712132163,3.77,6.78,7.24,5723.33333333333,3519.16666666667,6256.5,13575.6666666667,33658.5833333333,4.8,0,0
"12",2001-08-01,255943.397088371,291872.888191151,3.65,6.78,7.24,5723.33333333333,3519.16666666667,6256.5,13575.6666666667,33658.5833333333,5,0,0
"13",2001-09-01,258615.483699126,294194.611840186,3.07,6.78,7.24,5723.33333333333,3519.16666666667,6256.5,13575.6666666667,33658.5833333333,5.3,0,0
"14",2001-10-01,261493.57573814,296506.412745512,2.49,6.78,7.24,5723.33333333333,3519.16666666667,6256.5,13575.6666666667,33658.5833333333,5.6,0,0
"15",2001-11-01,264266.168563123,299009.62215513,2.09,6.78,7.24,5723.33333333333,3519.16666666667,6256.5,13575.6666666667,33658.5833333333,5.8,0,0
"16",2001-12-01,266933.195973511,301953.974263649,1.82,6.78,7.24,5723.33333333333,3519.16666666667,6256.5,13575.6666666667,33658.5833333333,6,0,0
"17",2002-01-01,269575.940090588,305097.656069978,1.73,6.78,7.24,5633.33333333333,3534.16666666667,5916.08333333333,12900.75,31585.5,6.2,0,0
"18",2002-02-01,272109.133474833,307829.647754592,1.74,6.51,7.02,5633.33333333333,3534.16666666667,5916.08333333333,12900.75,31585.5,6.3,0,0
"19",2002-03-01,274517.389001401,308560.919046345,1.73,6.28,6.8,5633.33333333333,3534.16666666667,5916.08333333333,12900.75,31585.5,6.3,0,0
"20",2002-04-01,276805.617924562,308411.157342771,1.75,6.28,6.8,5633.33333333333,3534.16666666667,5916.08333333333,12900.75,31585.5,6.3,0,0
"21",2002-05-01,279189.65994003,308160.192882186,1.75,6.28,6.8,5633.33333333333,3534.16666666667,5916.08333333333,12900.75,31585.5,6.3,0,0
"22",2002-06-01,281888.269033086,309794.870549373,1.75,6.28,6.8,5633.33333333333,3534.16666666667,5916.08333333333,12900.75,31585.5,6.2,0,0
"23",2002-07-01,284873.386192352,312090.438275178,1.73,6.28,6.8,5633.33333333333,3534.16666666667,5916.08333333333,12900.75,31585.5,6.1,0,0
"24",2002-08-01,288473.391648015,315170.53883782,1.74,6.28,6.8,5633.33333333333,3534.16666666667,5916.08333333333,12900.75,31585.5,6.1,0,0
"25",2002-09-01,292386.921277505,318335.822980128,1.75,6.28,6.8,5633.33333333333,3534.16666666667,5916.08333333333,12900.75,31585.5,6.1,0,0
"26",2002-10-01,296384.973192512,321503.998099134,1.75,6.28,6.8,5633.33333333333,3534.16666666667,5916.08333333333,12900.75,31585.5,6.1,0,0
"27",2002-11-01,300088.063303549,323966.528235883,1.34,5.51,6.13,5633.33333333333,3534.16666666667,5916.08333333333,12900.75,31585.5,6.2,0,0
"28",2002-12-01,303721.8796093,326201.503275161,1.24,5.51,6.13,5633.33333333333,3534.16666666667,5916.08333333333,12900.75,31585.5,6.2,0,0
"29",2003-01-01,307340.28669986,328414.010756491,1.24,5.51,6.13,5626.66666666667,3610,5101.41666666667,12255.75,30455.9166666667,6.3,0,0
"30",2003-02-01,310966.290870118,331165.407523728,1.26,5.51,6.13,5626.66666666667,3610,5101.41666666667,12255.75,30455.9166666667,6.3,0,0
"31",2003-03-01,314731.723322513,334520.858239399,1.25,5.51,6.13,5626.66666666667,3610,5101.41666666667,12255.75,30455.9166666667,6.3,0,0
"32",2003-04-01,318326.81577073,338342.053870954,1.26,5.51,6.13,5626.66666666667,3610,5101.41666666667,12255.75,30455.9166666667,6.4,0,0
"33",2003-05-01,321962.598214032,342182.139514702,1.26,5.51,6.13,5626.66666666667,3610,5101.41666666667,12255.75,30455.9166666667,6.4,0,0
"34",2003-06-01,325556.864872922,346419.733505899,1.22,5.51,6.13,5626.66666666667,3610,5101.41666666667,12255.75,30455.9166666667,6.5,0,0
"35",2003-07-01,329322.901702622,350059.010021582,1.01,5.51,6.13,5626.66666666667,3610,5101.41666666667,12255.75,30455.9166666667,6.5,0,0
"36",2003-08-01,333070.996640562,353467.587205711,1.03,5.44,6.14,5626.66666666667,3610,5101.41666666667,12255.75,30455.9166666667,6.5,0,0
"37",2003-09-01,336592.056633836,356141.62664486,1.01,5.44,6.14,5626.66666666667,3610,5101.41666666667,12255.75,30455.9166666667,6.5,0,0
"38",2003-10-01,339883.854639925,359029.657430908,1.01,5.44,6.14,5626.66666666667,3610,5101.41666666667,12255.75,30455.9166666667,6.4,0,0
"39",2003-11-01,342956.239916261,361984.020107679,1,5.44,6.14,5626.66666666667,3610,5101.41666666667,12255.75,30455.9166666667,6.4,0,0
"40",2003-12-01,345903.685418735,364942.23267999,0.98,5.44,6.14,5626.66666666667,3610,5101.41666666667,12255.75,30455.9166666667,6.3,0,0
"41",2004-01-01,349045.269060037,368318.971912315,1,5.44,6.14,5727.5,3694.16666666667,5561.08333333333,11841.0833333333,29810.3333333333,6.3,0,0
"42",2004-02-01,352183.217565466,371657.968882913,1.01,5.44,6.14,5727.5,3694.16666666667,5561.08333333333,11841.0833333333,29810.3333333333,6.3,0,0
"43",2004-03-01,355429.831332479,375002.390862531,1,5.44,6.14,5727.5,3694.16666666667,5561.08333333333,11841.0833333333,29810.3333333333,6.2,0,0
"44",2004-04-01,358600.570155581,377993.665283876,1,4.84,5.52,5727.5,3694.16666666667,5561.08333333333,11841.0833333333,29810.3333333333,6.1,0,0
"45",2004-05-01,362229.836243293,381531.486089557,1,4.84,5.52,5727.5,3694.16666666667,5561.08333333333,11841.0833333333,29810.3333333333,6,0,0
"46",2004-06-01,366237.513920669,385472.676306432,1.03,4.84,5.52,5727.5,3694.16666666667,5561.08333333333,11841.0833333333,29810.3333333333,5.9,0,0
"47",2004-07-01,370714.597745771,390055.498395766,1.26,5.62,6.21,5727.5,3694.16666666667,5561.08333333333,11841.0833333333,29810.3333333333,5.7,0,0
"48",2004-08-01,375353.587352904,394275.723326306,1.43,5.62,6.21,5727.5,3694.16666666667,5561.08333333333,11841.0833333333,29810.3333333333,5.6,0,0
"49",2004-09-01,380164.574166251,399069.086935098,1.61,5.62,6.21,5727.5,3694.16666666667,5561.08333333333,11841.0833333333,29810.3333333333,5.5,0,0
"50",2004-10-01,384990.940620095,404330.593598698,1.76,5.62,6.21,5727.5,3694.16666666667,5561.08333333333,11841.0833333333,29810.3333333333,5.4,0,0
"51",2004-11-01,389626.50519594,410417.863310781,1.93,5.62,6.21,5727.5,3694.16666666667,5561.08333333333,11841.0833333333,29810.3333333333,5.3,0,0
"52",2004-12-01,393931.969907325,416350.917855659,2.16,5.62,6.21,5727.5,3694.16666666667,5561.08333333333,11841.0833333333,29810.3333333333,5.2,0,0
"53",2005-01-01,397972.455616916,421169.93306361,2.28,5.62,6.21,5881.66666666667,3860.83333333333,5654.5,11289.5833333333,29470.75,5.1,0,0
"54",2005-02-01,401897.651639721,425616.712552242,2.5,5.62,6.21,5881.66666666667,3860.83333333333,5654.5,11289.5833333333,29470.75,5.1,0,0
"55",2005-03-01,405886.418504317,430524.519360003,2.63,5.62,6.21,5881.66666666667,3860.83333333333,5654.5,11289.5833333333,29470.75,5,0,0
"56",2005-04-01,410427.989097132,436656.506521927,2.79,5.62,6.21,5881.66666666667,3860.83333333333,5654.5,11289.5833333333,29470.75,4.9,0,0
"57",2005-05-01,415351.15273757,443076.399269658,3,5.62,6.21,5881.66666666667,3860.83333333333,5654.5,11289.5833333333,29470.75,4.9,0,0
"58",2005-06-01,420337.717101575,448225.743112775,3.04,5.62,6.21,5881.66666666667,3860.83333333333,5654.5,11289.5833333333,29470.75,4.9,0,0
"59",2005-07-01,425067.421607301,454321.459062659,3.26,5.62,6.21,5881.66666666667,3860.83333333333,5654.5,11289.5833333333,29470.75,4.9,0,0
"60",2005-08-01,429740.268480629,460831.036078251,3.5,5.62,6.21,5881.66666666667,3860.83333333333,5654.5,11289.5833333333,29470.75,5,0,0
"61",2005-09-01,434462.231349611,468360.111220669,3.62,5.32,5.71,5881.66666666667,3860.83333333333,5654.5,11289.5833333333,29470.75,5,0,0
"62",2005-10-01,439282.486515929,475539.896889444,3.78,5.32,5.71,5881.66666666667,3860.83333333333,5654.5,11289.5833333333,29470.75,4.9,0,0
"63",2005-11-01,443730.946935907,481540.774669662,4,5.32,5.71,5881.66666666667,3860.83333333333,5654.5,11289.5833333333,29470.75,4.9,0,0
"64",2005-12-01,448022.170289216,488137.335452992,4.16,5.81,6.26,5881.66666666667,3860.83333333333,5654.5,11289.5833333333,29470.75,4.9,0,0
"65",2006-01-01,451841.923640426,493766.565125562,4.29,5.81,6.26,5842.5,4016.66666666667,5752.33333333333,10723.5,30131.1666666667,4.8,0,0
"66",2006-02-01,455643.032449656,499539.679344005,4.49,5.81,6.26,5842.5,4016.66666666667,5752.33333333333,10723.5,30131.1666666667,4.7,0,0
"67",2006-03-01,458887.966681185,503572.504141002,4.59,5.81,6.26,5842.5,4016.66666666667,5752.33333333333,10723.5,30131.1666666667,4.7,0,0
"68",2006-04-01,461809.740708723,506862.777028788,4.79,5.81,6.26,5842.5,4016.66666666667,5752.33333333333,10723.5,30131.1666666667,4.7,0,0
"69",2006-05-01,464334.310512227,510568.781284684,4.94,5.81,6.26,5842.5,4016.66666666667,5752.33333333333,10723.5,30131.1666666667,4.7,0,0
"70",2006-06-01,466691.447515587,514455.572329163,4.99,6.26,6.67,5842.5,4016.66666666667,5752.33333333333,10723.5,30131.1666666667,4.6,0,0
"71",2006-07-01,468415.266983493,518017.95836333,5.24,6.26,6.67,5842.5,4016.66666666667,5752.33333333333,10723.5,30131.1666666667,4.5,0,0
"72",2006-08-01,469261.706692222,521868.759781819,5.25,6.26,6.67,5842.5,4016.66666666667,5752.33333333333,10723.5,30131.1666666667,4.5,0,0
"73",2006-09-01,469181.147931505,524775.473021575,5.25,6.26,6.67,5842.5,4016.66666666667,5752.33333333333,10723.5,30131.1666666667,4.4,0,0
"74",2006-10-01,468278.883146866,524881.758180147,5.25,6.26,6.67,5842.5,4016.66666666667,5752.33333333333,10723.5,30131.1666666667,4.3,0,0
"75",2006-11-01,466893.409315479,520613.205312994,5.25,6.26,6.67,5842.5,4016.66666666667,5752.33333333333,10723.5,30131.1666666667,4.3,0,0
"76",2006-12-01,465260.827397924,516309.990750895,5.24,6.26,6.67,5842.5,4016.66666666667,5752.33333333333,10723.5,30131.1666666667,4.2,0,0
"77",2007-01-01,463701.616805932,514005.592730247,5.25,6.26,6.67,5781.66666666667,4185.83333333333,5913.16666666667,10084.0833333333,31551.3333333333,4.2,0,0
"78",2007-02-01,462507.361085684,513956.598114865,5.26,6.06,6.34,5781.66666666667,4185.83333333333,5913.16666666667,10084.0833333333,31551.3333333333,4.2,0,0
"79",2007-03-01,462240.736354045,517056.692594672,5.26,5.92,6.18,5781.66666666667,4185.83333333333,5913.16666666667,10084.0833333333,31551.3333333333,4.2,0,0
"80",2007-04-01,462065.621574574,519103.806169687,5.25,5.92,6.18,5781.66666666667,4185.83333333333,5913.16666666667,10084.0833333333,31551.3333333333,4.3,0,0
"81",2007-05-01,461897.571791679,521794.435637088,5.25,5.92,6.18,5781.66666666667,4185.83333333333,5913.16666666667,10084.0833333333,31551.3333333333,4.3,0,0
"82",2007-06-01,460780.255695168,520347.665215858,5.25,5.92,6.18,5781.66666666667,4185.83333333333,5913.16666666667,10084.0833333333,31551.3333333333,4.4,0,0
"83",2007-07-01,459211.414034251,518971.996404291,5.26,5.92,6.18,5781.66666666667,4185.83333333333,5913.16666666667,10084.0833333333,31551.3333333333,4.5,0,0
"84",2007-08-01,457511.527659556,517683.836595826,5.02,5.92,6.18,5781.66666666667,4185.83333333333,5913.16666666667,10084.0833333333,31551.3333333333,4.5,0,0
"85",2007-09-01,455688.281636558,516510.587060543,4.94,5.92,6.18,5781.66666666667,4185.83333333333,5913.16666666667,10084.0833333333,31551.3333333333,4.6,0,0
"86",2007-10-01,454332.338750595,516727.910964646,4.76,5.92,6.18,5781.66666666667,4185.83333333333,5913.16666666667,10084.0833333333,31551.3333333333,4.6,0,0
"87",2007-11-01,452966.644114563,516510.758441597,4.49,5.91,6.26,5781.66666666667,4185.83333333333,5913.16666666667,10084.0833333333,31551.3333333333,4.7,0,0
"88",2007-12-01,451643.731066684,516787.82440657,4.24,5.91,6.26,5781.66666666667,4185.83333333333,5913.16666666667,10084.0833333333,31551.3333333333,4.7,1,0
"89",2008-01-01,450391.791124192,516738.605601853,3.94,5.91,6.26,5750,4191.66666666667,5746.5,9829.66666666667,31700.5,4.7,1,0
"90",2008-02-01,449058.133848572,516122.855884374,2.98,5.91,6.26,5750,4191.66666666667,5746.5,9829.66666666667,31700.5,4.8,1,0
"91",2008-03-01,447340.624724052,514475.842457128,2.61,5.91,6.26,5750,4191.66666666667,5746.5,9829.66666666667,31700.5,4.8,1,0
"92",2008-04-01,445367.840843217,511838.2388439,2.28,5.91,6.26,5750,4191.66666666667,5746.5,9829.66666666667,31700.5,4.9,1,0
"93",2008-05-01,442556.374634861,508133.846864817,1.98,5.59,6.06,5750,4191.66666666667,5746.5,9829.66666666667,31700.5,5,1,0
"94",2008-06-01,439685.227640336,504439.63979029,2,5.59,6.06,5750,4191.66666666667,5746.5,9829.66666666667,31700.5,5.2,1,0
"95",2008-07-01,436526.77208718,500445.075962191,2.01,5.59,6.06,5750,4191.66666666667,5746.5,9829.66666666667,31700.5,5.3,1,0
"96",2008-08-01,433572.743591611,496587.883223327,2,5.59,6.06,5750,4191.66666666667,5746.5,9829.66666666667,31700.5,5.5,1,0
"97",2008-09-01,430526.199962176,492641.185638707,1.81,5.59,6.06,5750,4191.66666666667,5746.5,9829.66666666667,31700.5,5.7,1,0
"98",2008-10-01,427246.90809993,488940.200754488,0.97,5.59,6.06,5750,4191.66666666667,5746.5,9829.66666666667,31700.5,6,1,0
"99",2008-11-01,423810.81482979,485425.40173361,0.39,5.59,6.06,5750,4191.66666666667,5746.5,9829.66666666667,31700.5,6.3,1,0
"100",2008-12-01,420512.206712413,481778.952016954,0.16,5.59,6.06,5750,4191.66666666667,5746.5,9829.66666666667,31700.5,6.7,1,0
"101",2009-01-01,417092.077459256,478027.049531159,0.15,5.59,6.06,5745,4148.33333333333,5313.33333333333,8894.16666666667,32230.4166666667,7.1,1,0
"102",2009-02-01,413771.698043093,473744.558264001,0.22,5.59,6.06,5745,4148.33333333333,5313.33333333333,8894.16666666667,32230.4166666667,7.5,1,0
"103",2009-03-01,410567.243753246,469647.88212751,0.18,5.59,6.06,5745,4148.33333333333,5313.33333333333,8894.16666666667,32230.4166666667,7.9,1,0
"104",2009-04-01,407440.336884459,465757.922399969,0.15,5.59,6.06,5745,4148.33333333333,5313.33333333333,8894.16666666667,32230.4166666667,8.1,1,0
"105",2009-05-01,404741.9441778,462188.610575533,0.18,5.59,6.06,5745,4148.33333333333,5313.33333333333,8894.16666666667,32230.4166666667,8.3,1,0
"106",2009-06-01,402042.678353833,458578.55321603,0.21,5.59,6.06,5745,4148.33333333333,5313.33333333333,8894.16666666667,32230.4166666667,8.5,1,0
"107",2009-07-01,399521.867306703,454842.067331535,0.16,5.59,6.06,5745,4148.33333333333,5313.33333333333,8894.16666666667,32230.4166666667,8.6,0,0
"108",2009-08-01,396846.971357844,451304.853770035,0.16,5.59,6.06,5745,4148.33333333333,5313.33333333333,8894.16666666667,32230.4166666667,8.7,0,0
"109",2009-09-01,394630.05370461,448690.82345891,0.15,5.59,6.06,5745,4148.33333333333,5313.33333333333,8894.16666666667,32230.4166666667,8.8,0,0
"110",2009-10-01,392913.055262693,446711.38361521,0.12,4.36,4.94,5745,4148.33333333333,5313.33333333333,8894.16666666667,32230.4166666667,8.9,0,0
"111",2009-11-01,391815.649497135,446259.272487647,0.12,4.36,4.94,5745,4148.33333333333,5313.33333333333,8894.16666666667,32230.4166666667,9,0,0
"112",2009-12-01,391132.335672431,445928.729434172,0.12,4.36,4.94,5745,4148.33333333333,5313.33333333333,8894.16666666667,32230.4166666667,9,0,0
"113",2010-01-01,390890.104609074,446092.316981166,0.11,4.36,4.94,5618.33333333333,4106.66666666667,4948.91666666667,8759.58333333333,32657.6666666667,9,0,0
"114",2010-02-01,391051.546371341,446097.885359997,0.13,4.36,4.94,5618.33333333333,4106.66666666667,4948.91666666667,8759.58333333333,32657.6666666667,9,0,0
"115",2010-03-01,391014.733307974,445421.59776546,0.16,4.36,4.94,5618.33333333333,4106.66666666667,4948.91666666667,8759.58333333333,32657.6666666667,8.9,0,0
"116",2010-04-01,391008.858414983,444736.690904053,0.2,4.39,5.08,5618.33333333333,4106.66666666667,4948.91666666667,8759.58333333333,32657.6666666667,8.8,0,0
"117",2010-05-01,390834.098364608,444559.179365097,0.2,4.39,5.08,5618.33333333333,4106.66666666667,4948.91666666667,8759.58333333333,32657.6666666667,8.8,0,0
"118",2010-06-01,391210.395663565,445905.379516306,0.18,4.39,5.08,5618.33333333333,4106.66666666667,4948.91666666667,8759.58333333333,32657.6666666667,8.7,0,0
"119",2010-07-01,391631.671765151,447596.412276538,0.18,4.04,4.58,5618.33333333333,4106.66666666667,4948.91666666667,8759.58333333333,32657.6666666667,8.6,0,0
"120",2010-08-01,391823.858007793,448513.42426525,0.19,4.04,4.58,5618.33333333333,4106.66666666667,4948.91666666667,8759.58333333333,32657.6666666667,8.6,0,0
"121",2010-09-01,391388.858709932,449393.794287498,0.19,4.04,4.58,5618.33333333333,4106.66666666667,4948.91666666667,8759.58333333333,32657.6666666667,8.6,0,0
"122",2010-10-01,390263.617142812,449722.123961746,0.19,4.04,4.58,5618.33333333333,4106.66666666667,4948.91666666667,8759.58333333333,32657.6666666667,8.6,0,0
"123",2010-11-01,388700.853909871,449559.343741185,0.19,4.04,4.58,5618.33333333333,4106.66666666667,4948.91666666667,8759.58333333333,32657.6666666667,8.5,0,0
"124",2010-12-01,386822.846667808,448099.159382129,0.18,4.04,4.58,5618.33333333333,4106.66666666667,4948.91666666667,8759.58333333333,32657.6666666667,8.5,0,0
"125",2011-01-01,385369.744909275,447191.516341644,0.17,4.04,4.58,5542.5,4170.83333333333,4770,8889.08333333333,31925.6666666667,8.4,0,0
"126",2011-02-01,384231.759161686,446574.225774047,0.16,4.04,4.58,5542.5,4170.83333333333,4770,8889.08333333333,31925.6666666667,8.3,0,0
"127",2011-03-01,383588.554975318,447158.669740547,0.14,4.04,4.58,5542.5,4170.83333333333,4770,8889.08333333333,31925.6666666667,8.2,0,0
"128",2011-04-01,382644.964248259,446993.467874586,0.1,4.04,4.58,5542.5,4170.83333333333,4770,8889.08333333333,31925.6666666667,8.2,0,0
"129",2011-05-01,381558.928575174,446810.167835999,0.09,4.04,4.58,5542.5,4170.83333333333,4770,8889.08333333333,31925.6666666667,8.2,0,0
"130",2011-06-01,380024.283026462,445837.358504258,0.09,4.04,4.58,5542.5,4170.83333333333,4770,8889.08333333333,31925.6666666667,8.3,0,0
"131",2011-07-01,378461.041256335,444929.856943209,0.07,4.04,4.58,5542.5,4170.83333333333,4770,8889.08333333333,31925.6666666667,8.3,0,0
"132",2011-08-01,376866.203841873,443830.667341704,0.1,4.04,4.58,5542.5,4170.83333333333,4770,8889.08333333333,31925.6666666667,8.4,0,0
"133",2011-09-01,375321.0460334,442500.366561224,0.08,3.39,4.22,5542.5,4170.83333333333,4770,8889.08333333333,31925.6666666667,8.4,0,0
"134",2011-10-01,373767.312471146,440895.185607766,0.07,3.39,4.22,5542.5,4170.83333333333,4770,8889.08333333333,31925.6666666667,8.5,0,0
"135",2011-11-01,372110.184622642,439445.043354957,0.08,3.39,4.22,5542.5,4170.83333333333,4770,8889.08333333333,31925.6666666667,8.5,0,0
"136",2011-12-01,370596.793253064,438434.058792016,0.07,3.3,4,5542.5,4170.83333333333,4770,8889.08333333333,31925.6666666667,8.6,0,0
"137",2012-01-01,369206.864680749,437711.418892809,0.08,3.3,4,5120,4251.66666666667,4741.83333333333,9262.25,31197,8.6,0,0
"138",2012-02-01,368351.766118884,437531.567015339,0.1,3.3,4,5120,4251.66666666667,4741.83333333333,9262.25,31197,8.6,0,0
"139",2012-03-01,368294.340137993,437915.050847577,0.13,3.17,3.9,5120,4251.66666666667,4741.83333333333,9262.25,31197,8.7,0,0
"140",2012-04-01,368805.788293269,439677.135240339,0.14,3.17,3.9,5120,4251.66666666667,4741.83333333333,9262.25,31197,8.8,0,0
"141",2012-05-01,369654.974946678,442238.649086346,0.16,3.17,3.9,5120,4251.66666666667,4741.83333333333,9262.25,31197,8.8,0,0
"142",2012-06-01,370141.125256601,445072.184676182,0.16,3.17,3.9,5120,4251.66666666667,4741.83333333333,9262.25,31197,8.8,0,0
"143",2012-07-01,370493.366314917,447293.273870498,0.16,3.17,3.9,5120,4251.66666666667,4741.83333333333,9262.25,31197,8.7,0,0
"144",2012-08-01,370400.412110235,448850.332384694,0.13,3.17,3.9,5120,4251.66666666667,4741.83333333333,9262.25,31197,8.6,0,0
"145",2012-09-01,370516.329210805,450264.17498697,0.14,3.17,3.9,5120,4251.66666666667,4741.83333333333,9262.25,31197,8.6,0,0
"146",2012-10-01,370470.891309717,451115.048970262,0.16,3.17,3.9,5120,4251.66666666667,4741.83333333333,9262.25,31197,8.5,0,0
"147",2012-11-01,370625.152311419,451599.704951313,0.16,2.7,3.39,5120,4251.66666666667,4741.83333333333,9262.25,31197,8.4,0,0
"148",2012-12-01,370672.685992016,451246.555068764,0.16,2.7,3.39,5120,4251.66666666667,4741.83333333333,9262.25,31197,8.4,0,0
"149",2013-01-01,371364.644420158,451424.46357883,0.14,2.7,3.39,5301.66666666667,4465.83333333333,4804.16666666667,9277.91666666667,29945.8333333333,8.3,0,0
"150",2013-02-01,372301.860930544,451858.508446714,0.15,2.7,3.39,5301.66666666667,4465.83333333333,4804.16666666667,9277.91666666667,29945.8333333333,8.2,0,0
"151",2013-03-01,373350.295404515,452321.962448186,0.14,2.7,3.39,5301.66666666667,4465.83333333333,4804.16666666667,9277.91666666667,29945.8333333333,8.1,0,0
"152",2013-04-01,374287.363106642,452690.908044619,0.15,2.7,3.39,5301.66666666667,4465.83333333333,4804.16666666667,9277.91666666667,29945.8333333333,8,0,0
"153",2013-05-01,375437.196453788,453815.298600922,0.11,2.7,3.39,5301.66666666667,4465.83333333333,4804.16666666667,9277.91666666667,29945.8333333333,7.9,0,0
"154",2013-06-01,377011.486438587,456869.562483871,0.09,2.7,3.39,5301.66666666667,4465.83333333333,4804.16666666667,9277.91666666667,29945.8333333333,7.9,0,0
"155",2013-07-01,378718.830979335,460573.147087534,0.09,2.7,3.39,5301.66666666667,4465.83333333333,4804.16666666667,9277.91666666667,29945.8333333333,7.8,0,0
"156",2013-08-01,380650.30022342,463974.584704969,0.08,3.43,4.39,5301.66666666667,4465.83333333333,4804.16666666667,9277.91666666667,29945.8333333333,7.8,0,0
"157",2013-09-01,382602.033692336,467136.194758663,0.08,3.43,4.39,5301.66666666667,4465.83333333333,4804.16666666667,9277.91666666667,29945.8333333333,7.6,0,0
"158",2013-10-01,384599.896889375,470243.126224917,0.09,3.43,4.39,5301.66666666667,4465.83333333333,4804.16666666667,9277.91666666667,29945.8333333333,7.5,0,0
"159",2013-11-01,386056.917336768,472882.359992264,0.08,3.43,4.39,5301.66666666667,4465.83333333333,4804.16666666667,9277.91666666667,29945.8333333333,7.3,0,0
"160",2013-12-01,387049.944279095,474409.380872809,0.09,3.43,4.39,5301.66666666667,4465.83333333333,4804.16666666667,9277.91666666667,29945.8333333333,7.1,0,0
"161",2014-01-01,388209.152053804,475485.237249005,0.07,3.43,4.39,5681.66666666667,4471.66666666667,4739.08333333333,8893.5,29030.9166666667,7,0,0
"162",2014-02-01,389927.72476166,477330.30973748,0.07,3.43,4.39,5681.66666666667,4471.66666666667,4739.08333333333,8893.5,29030.9166666667,6.8,0,0
"163",2014-03-01,392416.768620492,479826.808784976,0.08,3.43,4.39,5681.66666666667,4471.66666666667,4739.08333333333,8893.5,29030.9166666667,6.7,0,0
"164",2014-04-01,395130.483721916,483363.247153012,0.09,3.43,4.39,5681.66666666667,4471.66666666667,4739.08333333333,8893.5,29030.9166666667,6.5,0,0
"165",2014-05-01,397799.900983916,486918.388218451,0.09,3.38,4.29,5681.66666666667,4471.66666666667,4739.08333333333,8893.5,29030.9166666667,6.4,0,0
"166",2014-06-01,399590.286022564,490034.465207107,0.1,3.38,4.29,5681.66666666667,4471.66666666667,4739.08333333333,8893.5,29030.9166666667,6.3,0,0
"167",2014-07-01,400566.224181226,492166.831208342,0.09,3.38,4.29,5681.66666666667,4471.66666666667,4739.08333333333,8893.5,29030.9166666667,6.2,0,0
"168",2014-08-01,401017.58960673,493224.20790891,0.09,3.38,4.29,5681.66666666667,4471.66666666667,4739.08333333333,8893.5,29030.9166666667,6.1,0,0
"169",2014-09-01,401784.669553692,495322.349434726,0.09,3.38,4.29,5681.66666666667,4471.66666666667,4739.08333333333,8893.5,29030.9166666667,6,0,0
"170",2014-10-01,402734.942084765,497753.772684648,0.09,3.38,4.29,5681.66666666667,4471.66666666667,4739.08333333333,8893.5,29030.9166666667,5.9,0,0
"171",2014-11-01,403962.988983218,501455.342546553,0.09,3.38,4.29,5681.66666666667,4471.66666666667,4739.08333333333,8893.5,29030.9166666667,5.8,0,0
"172",2014-12-01,404778.06018926,504090.511024343,0.12,3.38,4.29,5681.66666666667,4471.66666666667,4739.08333333333,8893.5,29030.9166666667,5.8,0,0
"173",2015-01-01,405297.667004106,506568.662251977,0.11,3.38,4.29,6072.5,4710,4710,8787.75,26904,5.7,0,0
"174",2015-02-01,405494.463917224,508362.405463722,0.11,3.38,4.29,6072.5,4710,4710,8787.75,26904,5.6,0,0
"175",2015-03-01,405959.934341155,509894.732294927,0.11,3.38,4.29,6072.5,4710,4710,8787.75,26904,5.6,0,0
"176",2015-04-01,406562.632429667,511591.130089288,0.12,3.38,4.29,6072.5,4710,4710,8787.75,26904,5.5,0,0
"177",2015-05-01,407768.044259385,513707.977145029,0.12,3.38,4.29,6072.5,4710,4710,8787.75,26904,5.4,0,0
"178",2015-06-01,408937.51873034,516580.853027159,0.13,3.38,4.29,6072.5,4710,4710,8787.75,26904,5.3,0,0
"179",2015-07-01,410301.139527781,519990.261947579,0.13,3.38,4.29,6072.5,4710,4710,8787.75,26904,5.2,0,0
"180",2015-08-01,412041.929641079,524630.39705001,0.14,3.38,4.29,6072.5,4710,4710,8787.75,26904,5,0,0
"181",2015-09-01,414564.000672203,530405.022365383,0.14,3.38,4.29,6072.5,4710,4710,8787.75,26904,4.9,0,0
"182",2015-10-01,417494.872397605,535916.203963184,0.12,3.07,3.85,6072.5,4710,4710,8787.75,26904,4.9,0,0
"183",2015-11-01,420109.142175322,540587.232704108,0.12,3.07,3.85,6072.5,4710,4710,8787.75,26904,4.9,0,0
"184",2015-12-01,422373.716620622,544615.560043562,0.24,3.07,3.85,6072.5,4710,4710,8787.75,26904,4.8,0,0
"185",2016-01-01,424101.736469126,548082.532360034,0.34,3.07,3.85,6375,4920,4862.16666666667,8476.33333333333,26243.75,4.8,0,0
"186",2016-02-01,425426.739530973,551354.309748799,0.38,3.07,3.85,6375,4920,4862.16666666667,8476.33333333333,26243.75,4.8,0,0
"187",2016-03-01,426144.511598665,553620.989321966,0.36,3.07,3.85,6375,4920,4862.16666666667,8476.33333333333,26243.75,4.8,0,0
"188",2016-04-01,427112.083263674,556124.419927055,0.37,3.07,3.85,6375,4920,4862.16666666667,8476.33333333333,26243.75,4.8,0,0
"189",2016-05-01,428363.317409682,558977.216298806,0.37,3.07,3.85,6375,4920,4862.16666666667,8476.33333333333,26243.75,4.8,0,0
"190",2016-06-01,429961.516886866,562779.905173616,0.38,3.07,3.85,6375,4920,4862.16666666667,8476.33333333333,26243.75,4.9,0,0
"191",2016-07-01,431183.426534333,566633.779477728,0.39,3.07,3.85,6375,4920,4862.16666666667,8476.33333333333,26243.75,4.9,0,0
"192",2016-08-01,431800.492464654,569777.23010328,0.4,3.07,3.85,6375,4920,4862.16666666667,8476.33333333333,26243.75,5,0,0
"193",2016-09-01,432155.040836086,572232.006098857,0.4,2.77,3.46,6375,4920,4862.16666666667,8476.33333333333,26243.75,5,0,0
"194",2016-10-01,432910.554255772,575263.189703216,0.4,2.77,3.46,6375,4920,4862.16666666667,8476.33333333333,26243.75,5,0,0
"195",2016-11-01,434431.377924428,579526.650941441,0.41,2.77,3.46,6375,4920,4862.16666666667,8476.33333333333,26243.75,4.9,0,0
"196",2016-12-01,436900.006923692,585782.074157475,0.54,3.34,4.08,6375,4920,4862.16666666667,8476.33333333333,26243.75,4.8,0,0
"197",2017-01-01,439329.177576823,591473.891143214,0.65,3.34,4.08,6275.83333333333,5095,4575.58333333333,8054.83333333333,25029.5,4.7,0,0
"198",2017-02-01,441859.194026603,596128.394277992,0.66,3.34,4.08,6275.83333333333,5095,4575.58333333333,8054.83333333333,25029.5,4.6,0,0
"199",2017-03-01,444184.297293903,599519.592921096,0.79,3.34,4.08,6275.83333333333,5095,4575.58333333333,8054.83333333333,25029.5,4.6,0,0
"200",2017-04-01,447115.766520205,603439.225886854,0.9,3.34,4.08,6275.83333333333,5095,4575.58333333333,8054.83333333333,25029.5,4.6,0,0
"201",2017-05-01,449688.039525855,606959.152640606,0.91,3.34,4.08,6275.83333333333,5095,4575.58333333333,8054.83333333333,25029.5,4.6,0,0
"202",2017-06-01,451894.526619846,610209.363190099,1.04,3.19,3.94,6275.83333333333,5095,4575.58333333333,8054.83333333333,25029.5,4.6,0,0
"203",2017-07-01,453443.864162657,613211.812305643,1.15,3.19,3.94,6275.83333333333,5095,4575.58333333333,8054.83333333333,25029.5,4.7,0,0
"204",2017-08-01,455022.162994927,616681.742009589,1.16,3.19,3.94,6275.83333333333,5095,4575.58333333333,8054.83333333333,25029.5,4.7,0,0
"205",2017-09-01,456602.485217218,620238.089299435,1.15,3.19,3.94,6275.83333333333,5095,4575.58333333333,8054.83333333333,25029.5,4.7,0,0
"206",2017-10-01,458383.051553829,623686.890912753,1.15,3.19,3.94,6275.83333333333,5095,4575.58333333333,8054.83333333333,25029.5,4.7,0,0
"207",2017-11-01,459920.922696213,627104.890321525,1.16,3.19,3.94,6275.83333333333,5095,4575.58333333333,8054.83333333333,25029.5,4.6,0,0
"208",2017-12-01,461646.698822831,630886.998101671,1.3,3.19,3.94,6275.83333333333,5095,4575.58333333333,8054.83333333333,25029.5,4.5,0,0
"209",2018-01-01,463358.23759034,634885.603463446,1.41,3.19,3.94,6725,5265,4388.91666666667,7990.25,22635.8333333333,4.5,0,0
"210",2018-02-01,464891.886515636,638616.429097798,1.42,3.68,4.22,6725,5265,4388.91666666667,7990.25,22635.8333333333,4.4,0,0
"211",2018-03-01,466667.636257888,642500.812296964,1.51,3.9,4.43,6725,5265,4388.91666666667,7990.25,22635.8333333333,4.3,0,0
"212",2018-04-01,468526.842867386,645494.295337238,1.69,3.9,4.43,6725,5265,4388.91666666667,7990.25,22635.8333333333,4.2,0,0
"213",2018-05-01,471081.38084582,649069.021958183,1.7,3.9,4.43,6725,5265,4388.91666666667,7990.25,22635.8333333333,4.1,0,0
"214",2018-06-01,473260.004094765,651815.106962225,1.82,3.9,4.43,6725,5265,4388.91666666667,7990.25,22635.8333333333,4,0,0
"215",2018-07-01,475640.423716251,655659.331098329,1.91,3.9,4.43,6725,5265,4388.91666666667,7990.25,22635.8333333333,3.9,0,0
"216",2018-08-01,477629.760904496,659304.295171916,1.91,3.9,4.43,6725,5265,4388.91666666667,7990.25,22635.8333333333,3.9,0,0
"217",2018-09-01,479448.095822607,662129.951634025,1.95,3.9,4.43,6725,5265,4388.91666666667,7990.25,22635.8333333333,3.9,0,0
"218",2018-10-01,480457.779202521,663637.912023992,2.19,3.9,4.43,6725,5265,4388.91666666667,7990.25,22635.8333333333,4,0,0
"219",2018-11-01,481328.090931104,664940.969782952,2.2,4.23,4.83,6725,5265,4388.91666666667,7990.25,22635.8333333333,4,0,0
"220",2018-12-01,481935.385596296,666237.630925167,2.27,4.23,4.83,6725,5265,4388.91666666667,7990.25,22635.8333333333,4,0,0
"221",2019-01-01,482962.816624047,669924.095222234,2.4,4.23,4.83,7078.33333333333,5725,4290.33333333333,7967.16666666667,21336.5,4,0,0
"222",2019-02-01,484511.545475343,674986.73370292,2.4,4.23,4.83,7078.33333333333,5725,4290.33333333333,7967.16666666667,21336.5,3.9,0,0
"223",2019-03-01,486488.817824178,681794.052652262,2.41,4.23,4.83,7078.33333333333,5725,4290.33333333333,7967.16666666667,21336.5,3.9,0,0
"224",2019-04-01,488642.582649977,687399.349775205,2.42,4.23,4.83,7078.33333333333,5725,4290.33333333333,7967.16666666667,21336.5,3.8,0,0
"225",2019-05-01,490072.227349507,690543.588504428,2.39,4.23,4.83,7078.33333333333,5725,4290.33333333333,7967.16666666667,21336.5,3.7,0,0
"226",2019-06-01,491332.12788236,692583.587740666,2.38,4.23,4.83,7078.33333333333,5725,4290.33333333333,7967.16666666667,21336.5,3.7,0,0
"227",2019-07-01,492019.656342938,693359.228728752,2.4,4.23,4.83,7078.33333333333,5725,4290.33333333333,7967.16666666667,21336.5,3.8,0,0
"228",2019-08-01,492503.584280402,693899.868590539,2.13,3.2,3.75,7078.33333333333,5725,4290.33333333333,7967.16666666667,21336.5,3.8,0,0
"229",2019-09-01,492238.16796276,693683.003701978,2.04,3.2,3.75,7078.33333333333,5725,4290.33333333333,7967.16666666667,21336.5,3.9,0,0
"230",2019-10-01,492272.562033141,694769.002241563,1.83,3.2,3.75,7078.33333333333,5725,4290.33333333333,7967.16666666667,21336.5,3.9,0,0
"231",2019-11-01,493234.914228697,697412.20582678,1.55,3.2,3.75,7078.33333333333,5725,4290.33333333333,7967.16666666667,21336.5,3.9,0,0
"232",2019-12-01,494877.757839313,700537.749979339,1.55,3.2,3.75,7078.33333333333,5725,4290.33333333333,7967.16666666667,21336.5,4,0,0
"233",2020-01-01,497295.221753351,702476.600762567,1.55,3.2,3.75,6693.33333333333,5667.5,3417.91666666667,7966.08333333333,17855.25,4.1,0,0
"234",2020-02-01,499517.495773914,703784.171944871,1.58,3.2,3.75,6693.33333333333,5667.5,3417.91666666667,7966.08333333333,17855.25,4.1,0,0
"235",2020-03-01,502073.539961157,705415.150289797,0.65,3.2,3.75,6693.33333333333,5667.5,3417.91666666667,7966.08333333333,17855.25,4.2,0,1
"236",2020-04-01,504397.548812375,707356.781935079,0.05,3.2,3.75,6693.33333333333,5667.5,3417.91666666667,7966.08333333333,17855.25,15.6,0,1
"237",2020-05-01,506239.459765348,708412.152875765,0.05,3.2,3.75,6693.33333333333,5667.5,3417.91666666667,7966.08333333333,17855.25,16.7,0,1
"238",2020-06-01,506577.783327443,708188.881767297,0.08,3.2,3.75,6693.33333333333,5667.5,3417.91666666667,7966.08333333333,17855.25,13.6,0,1
"239",2020-07-01,505669.671297016,707467.744626334,0.09,3.2,3.75,6693.33333333333,5667.5,3417.91666666667,7966.08333333333,17855.25,12.5,0,1
"240",2020-08-01,504990.738344687,707198.069700588,0.1,3.2,3.75,6693.33333333333,5667.5,3417.91666666667,7966.08333333333,17855.25,10.8,0,1
"241",2020-09-01,506649.862461373,707725.600040663,0.09,3.2,3.75,6693.33333333333,5667.5,3417.91666666667,7966.08333333333,17855.25,10.2,0,1
"242",2020-10-01,510326.182179739,707599.905380537,0.09,2.36,2.88,6693.33333333333,5667.5,3417.91666666667,7966.08333333333,17855.25,9.2,0,1
"243",2020-11-01,515648.508281843,708159.442287135,0.09,2.36,2.88,6693.33333333333,5667.5,3417.91666666667,7966.08333333333,17855.25,9,0,1
"244",2020-12-01,521897.26003861,709390.30139074,0.09,2.36,2.88,6693.33333333333,5667.5,3417.91666666667,7966.08333333333,17855.25,8.7,0,1
"245",2021-01-01,527844.430424505,711271.501320982,0.09,2.36,2.88,6805,5898.33333333333,3969.58333333333,8561.75,19052.6666666667,8.6,0,1
"246",2021-02-01,534061.549525134,714500.117058268,0.08,2.36,2.88,6805,5898.33333333333,3969.58333333333,8561.75,19052.6666666667,8.4,0,1
"247",2021-03-01,539832.932950989,718238.245298873,0.07,2.36,2.88,6805,5898.33333333333,3969.58333333333,8561.75,19052.6666666667,8.1,0,1
"248",2021-04-01,545617.440145727,722921.915654926,0.07,2.45,3.18,6805,5898.33333333333,3969.58333333333,8561.75,19052.6666666667,7.9,0,1
"249",2021-05-01,551194.89512745,727629.734723399,0.06,2.45,3.18,6805,5898.33333333333,3969.58333333333,8561.75,19052.6666666667,7.5,0,1
"250",2021-06-01,556196.911428527,731357.363673989,0.08,2.45,3.18,6805,5898.33333333333,3969.58333333333,8561.75,19052.6666666667,7.5,0,1
"251",2021-07-01,560367.264228034,734468.414123605,0.1,2.26,2.98,6805,5898.33333333333,3969.58333333333,8561.75,19052.6666666667,7,0,1
"252",2021-08-01,562877.1142255,735913.415415959,0.09,2.26,2.98,6805,5898.33333333333,3969.58333333333,8561.75,19052.6666666667,6.8,0,1
"253",2021-09-01,564409.349677042,738462.593636058,0.08,2.26,2.98,6805,5898.33333333333,3969.58333333333,8561.75,19052.6666666667,6.3,0,1
"254",2021-10-01,566571.11399453,742905.591263317,0.08,2.26,2.98,6805,5898.33333333333,3969.58333333333,8561.75,19052.6666666667,5.9,0,1
"255",2021-11-01,570039.643286153,749184.25965171,0.08,2.26,2.98,6805,5898.33333333333,3969.58333333333,8561.75,19052.6666666667,5.6,0,1
"256",2021-12-01,573950.562797017,754585.395507519,0.08,2.26,2.98,6805,5898.33333333333,3969.58333333333,8561.75,19052.6666666667,5.5,0,1
"257",2022-01-01,578108.188569242,758652.973396042,0.08,2.26,2.98,6576.66666666667,6215,4428,10549.0833333333,22799.9166666667,5.2,0,1
"258",2022-02-01,582685.207316323,761732.582475704,0.08,2.26,2.98,6576.66666666667,6215,4428,10549.0833333333,22799.9166666667,4.8,0,1
"259",2022-03-01,588924.956393369,766117.528393418,0.2,2.26,2.98,6576.66666666667,6215,4428,10549.0833333333,22799.9166666667,4.6,0,1
"260",2022-04-01,595490.124777036,771095.461104163,0.33,2.26,2.98,6576.66666666667,6215,4428,10549.0833333333,22799.9166666667,4.4,0,1
"261",2022-05-01,602114.712901411,777210.588657457,0.77,2.26,2.98,6576.66666666667,6215,4428,10549.0833333333,22799.9166666667,4.3,0,1
"262",2022-06-01,608175.597459135,784444.528607565,1.21,2.26,2.98,6576.66666666667,6215,4428,10549.0833333333,22799.9166666667,4.2,0,1
"263",2022-07-01,612032.560706418,788558.32178893,1.68,2.26,2.98,6576.66666666667,6215,4428,10549.0833333333,22799.9166666667,4,0,1
"264",2022-08-01,612749.739163154,789250.590146651,2.33,2.26,2.98,6576.66666666667,6215,4428,10549.0833333333,22799.9166666667,3.9,0,1
"265",2022-09-01,610259.923133933,784275.856458216,2.56,4.98,5.66,6576.66666666667,6215,4428,10549.0833333333,22799.9166666667,4,0,1
"266",2022-10-01,607712.521915921,779850.267131132,3.08,4.98,5.66,6576.66666666667,6215,4428,10549.0833333333,22799.9166666667,4.1,0,1
"267",2022-11-01,605701.831312012,776606.120361379,3.78,4.98,5.66,6576.66666666667,6215,4428,10549.0833333333,22799.9166666667,4.2,0,1
"268",2022-12-01,604281.996189948,775281.94398826,4.1,5.76,6.49,6576.66666666667,6215,4428,10549.0833333333,22799.9166666667,4.2,0,1
"269",2023-01-01,603467.41249702,773591.294261653,4.33,5.76,6.49,6800,6717.5,5101,10565.5,23971.5833333333,4.1,0,1
"270",2023-02-01,602118.283174484,770713.486520727,4.57,5.76,6.49,6800,6717.5,5101,10565.5,23971.5833333333,4,0,1
"271",2023-03-01,602431.87140718,768411.304573591,4.65,5.76,6.49,6800,6717.5,5101,10565.5,23971.5833333333,4,0,1
"272",2023-04-01,604428.312560643,768904.158240256,4.83,5.76,6.49,6800,6717.5,5101,10565.5,23971.5833333333,3.9,0,1
"273",2023-05-01,608435.600849638,770838.350233638,5.06,5.76,6.49,6800,6717.5,5101,10565.5,23971.5833333333,3.9,0,1
"274",2023-06-01,612581.61119664,772484.64183026,5.08,6.18,6.79,6800,6717.5,5101,10565.5,23971.5833333333,4,0,0
"275",2023-07-01,616163.300732602,772195.0335753,5.12,6.18,6.79,6800,6717.5,5101,10565.5,23971.5833333333,4.1,0,0
"276",2023-08-01,619443.835381731,770277.579804356,5.33,6.18,6.79,6800,6717.5,5101,10565.5,23971.5833333333,4.3,0,0
"277",2023-09-01,622155.078598283,767537.788748482,5.33,6.18,6.79,6800,6717.5,5101,10565.5,23971.5833333333,4.4,0,0
"278",2023-10-01,624488.80289215,765108.789224773,5.33,6.18,6.79,6800,6717.5,5101,10565.5,23971.5833333333,4.6,0,0
"279",2023-11-01,626787.957016596,763223.944988425,5.33,6.18,6.79,6800,6717.5,5101,10565.5,23971.5833333333,4.6,0,0
"280",2023-12-01,629535.867207835,762719.429748263,5.33,6.18,6.79,6800,6717.5,5101,10565.5,23971.5833333333,4.6,0,0
